Tingkat,Partai,Nama,Dapil,Cari_Instagram,Cari_X_Twitter,Cari_TikTok,Cari_YouTube,Tagar
DPR RI (Nasional),PDI-P,Putra Nababan,DKI Jakarta I,https://www.google.com/search?q=%22Putra+Nababan%22+site%3Ainstagram.com,https://www.google.com/search?q=%22Putra+Nababan%22+site%3Ax.com+OR+site%3Atwitter.com,https://www.google.com/search?q=%22Putra+Nababan%22+site%3Atiktok.com,https://www.google.com/search?q=%22Putra+Nababan%22+site%3Ayoutube.com,#PutraNababan #PDIP #PDIPerjuangan #FraksiPDIP #PDIPDKIJakarta #DKIJakarta1 #DapilDKIJakarta1 #JakartaTimur #Jakarta #DKIJakarta #DPRRI #Senayan #KomisiVII #AspirasiJakarta #JakartaMaju #KawalAspirasi #SolidBergerak #JakartaBergerak
DPR RI (Nasional),PKS,"Mardani Ali Sera, Dr. H., M.Eng.",DKI Jakarta I,https://www.google.com/search?q=%22Mardani+Ali+Sera%22+site%3Ainstagram.com,https://www.google.com/search?q=%22Mardani+Ali+Sera%22+site%3Ax.com+OR+site%3Atwitter.com,https://www.google.com/search?q=%22Mardani+Ali+Sera%22+site%3Atiktok.com,https://www.google.com/search?q=%22Mardani+Ali+Sera%22+site%3Ayoutube.com,#MardaniAliSera #PKS #PKSejahtera #FraksiPKS #PKSDKIJakarta #DKIJakarta1 #DapilDKIJakarta1 #JakartaTimur #Jakarta #DKIJakarta #DPRRI #Senayan #KomisiII #AspirasiJakarta #JakartaMaju #KawalAspirasi #PKSJakarta #JakartaSejahtera
DPR RI (Nasional),PKS,"Anis Byarwati, Dr. Hj.",DKI Jakarta I,https://www.google.com/search?q=%22Anis+Byarwati%22+site%3Ainstagram.com,https://www.google.com/search?q=%22Anis+Byarwati%22+site%3Ax.com+OR+site%3Atwitter.com,https://www.google.com/search?q=%22Anis+Byarwati%22+site%3Atiktok.com,https://www.google.com/search?q=%22Anis+Byarwati%22+site%3Ayoutube.com,#AnisByarwati #PKS #PKSejahtera #FraksiPKS #PKSDKIJakarta #DKIJakarta1 #DapilDKIJakarta1 #JakartaTimur #Jakarta #DKIJakarta #DPRRI #Senayan #KomisiXI #AspirasiJakarta #JakartaMaju #KawalAspirasi #PKSJakarta #JakartaSejahtera
DPR RI (Nasional),PDI-P,"Once Mekel, S.H.",DKI Jakarta II,https://www.google.com/search?q=%22Once+Mekel%22+site%3Ainstagram.com,https://www.google.com/search?q=%22Once+Mekel%22+site%3Ax.com+OR+site%3Atwitter.com,https://www.google.com/search?q=%22Once+Mekel%22+site%3Atiktok.com,https://www.google.com/search?q=%22Once+Mekel%22+site%3Ayoutube.com,#OnceMekel #PDIP #PDIPerjuangan #FraksiPDIP #PDIPDKIJakarta #DKIJakarta2 #DapilDKIJakarta2 #JakartaPusat #JakartaSelatan #Jakarta #DKIJakarta #DPRRI #Senayan #AspirasiJakarta #JakartaMaju #KawalAspirasi #SolidBergerak #JakartaBergerak
DPR RI (Nasional),Golkar,"Abraham Sridjaja, S.H., M.H., C.L.A.",DKI Jakarta II,https://www.google.com/search?q=%22Abraham+Sridjaja%22+site%3Ainstagram.com,https://www.google.com/search?q=%22Abraham+Sridjaja%22+site%3Ax.com+OR+site%3Atwitter.com,https://www.google.com/search?q=%22Abraham+Sridjaja%22+site%3Atiktok.com,https://www.google.com/search?q=%22Abraham+Sridjaja%22+site%3Ayoutube.com,#AbrahamSridjaja #Golkar #PartaiGolkar #FraksiGolkar #GolkarDKIJakarta #DKIJakarta2 #DapilDKIJakarta2 #JakartaPusat #JakartaSelatan #Jakarta #DKIJakarta #DPRRI #Senayan #KomisiI #AspirasiJakarta #JakartaMaju #KawalAspirasi #GolkarJakarta #KaryaUntukJakarta
DPR RI (Nasional),PKS,"M. Hidayat Nur Wahid, Dr. H., M.A.",DKI Jakarta II,https://www.google.com/search?q=%22Hidayat+Nur+Wahid%22+site%3Ainstagram.com,https://www.google.com/search?q=%22Hidayat+Nur+Wahid%22+site%3Ax.com+OR+site%3Atwitter.com,https://www.google.com/search?q=%22Hidayat+Nur+Wahid%22+site%3Atiktok.com,https://www.google.com/search?q=%22Hidayat+Nur+Wahid%22+site%3Ayoutube.com,#HidayatNurWahid #PKS #PKSejahtera #FraksiPKS #PKSDKIJakarta #DKIJakarta2 #DapilDKIJakarta2 #JakartaPusat #JakartaSelatan #Jakarta #DKIJakarta #DPRRI #Senayan #KomisiVIII #AspirasiJakarta #JakartaMaju #KawalAspirasi #PKSJakarta #JakartaSejahtera
DPR RI (Nasional),PKS,"Kurniasih Mufidayati, Dr. Hj., M.Si.",DKI Jakarta II,https://www.google.com/search?q=%22Kurniasih+Mufidayati%22+site%3Ainstagram.com,https://www.google.com/search?q=%22Kurniasih+Mufidayati%22+site%3Ax.com+OR+site%3Atwitter.com,https://www.google.com/search?q=%22Kurniasih+Mufidayati%22+site%3Atiktok.com,https://www.google.com/search?q=%22Kurniasih+Mufidayati%22+site%3Ayoutube.com,#KurniasihMufidayati #PKS #PKSejahtera #FraksiPKS #PKSDKIJakarta #DKIJakarta2 #DapilDKIJakarta2 #JakartaPusat #JakartaSelatan #Jakarta #DKIJakarta #DPRRI #Senayan #KomisiIX #AspirasiJakarta #JakartaMaju #KawalAspirasi #PKSJakarta #JakartaSejahtera
DPR RI (Nasional),PDI-P,Charles Honoris,DKI Jakarta III,https://www.google.com/search?q=%22Charles+Honoris%22+site%3Ainstagram.com,https://www.google.com/search?q=%22Charles+Honoris%22+site%3Ax.com+OR+site%3Atwitter.com,https://www.google.com/search?q=%22Charles+Honoris%22+site%3Atiktok.com,https://www.google.com/search?q=%22Charles+Honoris%22+site%3Ayoutube.com,#CharlesHonoris #PDIP #PDIPerjuangan #FraksiPDIP #PDIPDKIJakarta #DKIJakarta2 #DapilDKIJakarta2 #JakartaPusat #JakartaSelatan #Jakarta #DKIJakarta #DPRRI #Senayan #KomisiIX #AspirasiJakarta #JakartaMaju #KawalAspirasi #SolidBergerak #JakartaBergerak
DPR RI (Nasional),PDI-P,"Darmadi Durianto, Prof. Asc. Dr.",DKI Jakarta III,https://www.google.com/search?q=%22Darmadi+Durianto%22+site%3Ainstagram.com,https://www.google.com/search?q=%22Darmadi+Durianto%22+site%3Ax.com+OR+site%3Atwitter.com,https://www.google.com/search?q=%22Darmadi+Durianto%22+site%3Atiktok.com,https://www.google.com/search?q=%22Darmadi+Durianto%22+site%3Ayoutube.com,#DarmadiDurianto #PDIP #PDIPerjuangan #FraksiPDIP #PDIPDKIJakarta #DKIJakarta2 #DapilDKIJakarta2 #JakartaPusat #JakartaSelatan #Jakarta #DKIJakarta #DPRRI #Senayan #KomisiVI #AspirasiJakarta #JakartaMaju #KawalAspirasi #SolidBergerak #JakartaBergerak
DPR RI (Nasional),Golkar,Erwin Aksa,DKI Jakarta III,https://www.google.com/search?q=%22Erwin+Aksa%22+site%3Ainstagram.com,https://www.google.com/search?q=%22Erwin+Aksa%22+site%3Ax.com+OR+site%3Atwitter.com,https://www.google.com/search?q=%22Erwin+Aksa%22+site%3Atiktok.com,https://www.google.com/search?q=%22Erwin+Aksa%22+site%3Ayoutube.com,#ErwinAksa #Golkar #PartaiGolkar #FraksiGolkar #GolkarDKIJakarta #DKIJakarta2 #DapilDKIJakarta2 #JakartaPusat #JakartaSelatan #Jakarta #DKIJakarta #DPRRI #Senayan #KomisiXI #AspirasiJakarta #JakartaMaju #KawalAspirasi #GolkarJakarta #KaryaUntukJakarta
DPR RI (Nasional),PKS,"Adang Daradjatun, Drs. H.",DKI Jakarta III,https://www.google.com/search?q=%22Adang+Daradjatun%22+site%3Ainstagram.com,https://www.google.com/search?q=%22Adang+Daradjatun%22+site%3Ax.com+OR+site%3Atwitter.com,https://www.google.com/search?q=%22Adang+Daradjatun%22+site%3Atiktok.com,https://www.google.com/search?q=%22Adang+Daradjatun%22+site%3Ayoutube.com,#AdangDaradjatun #PKS #PKSejahtera #FraksiPKS #PKSDKIJakarta #DKIJakarta2 #DapilDKIJakarta2 #JakartaPusat #JakartaSelatan #Jakarta #DKIJakarta #DPRRI #Senayan #KomisiIII #AspirasiJakarta #JakartaMaju #KawalAspirasi #PKSJakarta #JakartaSejahtera
DPRD Provinsi DKI Jakarta,PKS,Muhammad Hasan Abdillah,DKI Jakarta 1,https://www.google.com/search?q=%22Muhammad+Hasan+Abdillah%22+site%3Ainstagram.com,https://www.google.com/search?q=%22Muhammad+Hasan+Abdillah%22+site%3Ax.com+OR+site%3Atwitter.com,https://www.google.com/search?q=%22Muhammad+Hasan+Abdillah%22+site%3Atiktok.com,https://www.google.com/search?q=%22Muhammad+Hasan+Abdillah%22+site%3Ayoutube.com,#MuhammadHasanAbdillah #PKS #PKSejahtera #FraksiPKS #PKSDKIJakarta #DapilDKIJakarta1 #DPRDDKIJakarta1 #Jakarta #DKIJakarta #DPRDDKIJakarta #DPRDJakarta #KomisiA #AspirasiJakarta #JakartaMaju #KawalAspirasi #PKSJakarta #JakartaSejahtera
DPRD Provinsi DKI Jakarta,PKS,H. Ismail,DKI Jakarta 1,https://www.google.com/search?q=%22Ismail%22+site%3Ainstagram.com,https://www.google.com/search?q=%22Ismail%22+site%3Ax.com+OR+site%3Atwitter.com,https://www.google.com/search?q=%22Ismail%22+site%3Atiktok.com,https://www.google.com/search?q=%22Ismail%22+site%3Ayoutube.com,#Ismail #PKS #PKSejahtera #FraksiPKS #PKSDKIJakarta #DapilDKIJakarta1 #DPRDDKIJakarta1 #Jakarta #DKIJakarta #DPRDDKIJakarta #DPRDJakarta #KomisiB #AspirasiJakarta #JakartaMaju #KawalAspirasi #PKSJakarta #JakartaSejahtera
DPRD Provinsi DKI Jakarta,PKS,Suhud Alynudin,DKI Jakarta 2,https://www.google.com/search?q=%22Suhud+Alynudin%22+site%3Ainstagram.com,https://www.google.com/search?q=%22Suhud+Alynudin%22+site%3Ax.com+OR+site%3Atwitter.com,https://www.google.com/search?q=%22Suhud+Alynudin%22+site%3Atiktok.com,https://www.google.com/search?q=%22Suhud+Alynudin%22+site%3Ayoutube.com,#SuhudAlynudin #PKS #PKSejahtera #FraksiPKS #PKSDKIJakarta #DapilDKIJakarta2 #DPRDDKIJakarta2 #Jakarta #DKIJakarta #DPRDDKIJakarta #DPRDJakarta #KomisiC #AspirasiJakarta #JakartaMaju #KawalAspirasi #PKSJakarta #JakartaSejahtera
DPRD Provinsi DKI Jakarta,PKS,H. M. Subki,DKI Jakarta 3,https://www.google.com/search?q=%22Subki%22+site%3Ainstagram.com,https://www.google.com/search?q=%22Subki%22+site%3Ax.com+OR+site%3Atwitter.com,https://www.google.com/search?q=%22Subki%22+site%3Atiktok.com,https://www.google.com/search?q=%22Subki%22+site%3Ayoutube.com,#Subki #PKS #PKSejahtera #FraksiPKS #PKSDKIJakarta #DapilDKIJakarta3 #DPRDDKIJakarta3 #Jakarta #DKIJakarta #DPRDDKIJakarta #DPRDJakarta #KomisiE #AspirasiJakarta #JakartaMaju #KawalAspirasi #PKSJakarta #JakartaSejahtera
DPRD Provinsi DKI Jakarta,PKS,H. M. Taufik Zoelkifli,DKI Jakarta 4,https://www.google.com/search?q=%22Taufik+Zoelkifli%22+site%3Ainstagram.com,https://www.google.com/search?q=%22Taufik+Zoelkifli%22+site%3Ax.com+OR+site%3Atwitter.com,https://www.google.com/search?q=%22Taufik+Zoelkifli%22+site%3Atiktok.com,https://www.google.com/search?q=%22Taufik+Zoelkifli%22+site%3Ayoutube.com,#TaufikZoelkifli #PKS #PKSejahtera #FraksiPKS #PKSDKIJakarta #DapilDKIJakarta4 #DPRDDKIJakarta4 #Jakarta #DKIJakarta #DPRDDKIJakarta #DPRDJakarta #KomisiB #AspirasiJakarta #JakartaMaju #KawalAspirasi #PKSJakarta #JakartaSejahtera
DPRD Provinsi DKI Jakarta,PKS,H. Ghozi Zulazmi,DKI Jakarta 4,https://www.google.com/search?q=%22Ghozi+Zulazmi%22+site%3Ainstagram.com,https://www.google.com/search?q=%22Ghozi+Zulazmi%22+site%3Ax.com+OR+site%3Atwitter.com,https://www.google.com/search?q=%22Ghozi+Zulazmi%22+site%3Atiktok.com,https://www.google.com/search?q=%22Ghozi+Zulazmi%22+site%3Ayoutube.com,#GhoziZulazmi #PKS #PKSejahtera #FraksiPKS #PKSDKIJakarta #DapilDKIJakarta4 #DPRDDKIJakarta4 #Jakarta #DKIJakarta #DPRDDKIJakarta #DPRDJakarta #KomisiD #AspirasiJakarta #JakartaMaju #KawalAspirasi #PKSJakarta #JakartaSejahtera
DPRD Provinsi DKI Jakarta,PKS,H. Abdurrahman Suhaimi,DKI Jakarta 5,https://www.google.com/search?q=%22Abdurrahman+Suhaimi%22+site%3Ainstagram.com,https://www.google.com/search?q=%22Abdurrahman+Suhaimi%22+site%3Ax.com+OR+site%3Atwitter.com,https://www.google.com/search?q=%22Abdurrahman+Suhaimi%22+site%3Atiktok.com,https://www.google.com/search?q=%22Abdurrahman+Suhaimi%22+site%3Ayoutube.com,#AbdurrahmanSuhaimi #PKS #PKSejahtera #FraksiPKS #PKSDKIJakarta #DapilDKIJakarta5 #DPRDDKIJakarta5 #Jakarta #DKIJakarta #DPRDDKIJakarta #DPRDJakarta #KomisiD #AspirasiJakarta #JakartaMaju #KawalAspirasi #PKSJakarta #JakartaSejahtera
DPRD Provinsi DKI Jakarta,PKS,H. Nasdiyanto,DKI Jakarta 5,https://www.google.com/search?q=%22Nasdiyanto%22+site%3Ainstagram.com,https://www.google.com/search?q=%22Nasdiyanto%22+site%3Ax.com+OR+site%3Atwitter.com,https://www.google.com/search?q=%22Nasdiyanto%22+site%3Atiktok.com,https://www.google.com/search?q=%22Nasdiyanto%22+site%3Ayoutube.com,#Nasdiyanto #PKS #PKSejahtera #FraksiPKS #PKSDKIJakarta #DapilDKIJakarta5 #DPRDDKIJakarta5 #Jakarta #DKIJakarta #DPRDDKIJakarta #DPRDJakarta #KomisiC #AspirasiJakarta #JakartaMaju #KawalAspirasi #PKSJakarta #JakartaSejahtera
DPRD Provinsi DKI Jakarta,PKS,K.H. Muhammad Thamrin,DKI Jakarta 6,https://www.google.com/search?q=%22Muhammad+Thamrin%22+site%3Ainstagram.com,https://www.google.com/search?q=%22Muhammad+Thamrin%22+site%3Ax.com+OR+site%3Atwitter.com,https://www.google.com/search?q=%22Muhammad+Thamrin%22+site%3Atiktok.com,https://www.google.com/search?q=%22Muhammad+Thamrin%22+site%3Ayoutube.com,#MuhammadThamrin #PKS #PKSejahtera #FraksiPKS #PKSDKIJakarta #DapilDKIJakarta6 #DPRDDKIJakarta6 #Jakarta #DKIJakarta #DPRDDKIJakarta #DPRDJakarta #KomisiE #AspirasiJakarta #JakartaMaju #KawalAspirasi #PKSJakarta #JakartaSejahtera
DPRD Provinsi DKI Jakarta,PKS,Muhammad Alfatih,DKI Jakarta 6,https://www.google.com/search?q=%22Muhammad+Alfatih%22+site%3Ainstagram.com,https://www.google.com/search?q=%22Muhammad+Alfatih%22+site%3Ax.com+OR+site%3Atwitter.com,https://www.google.com/search?q=%22Muhammad+Alfatih%22+site%3Atiktok.com,https://www.google.com/search?q=%22Muhammad+Alfatih%22+site%3Ayoutube.com,#MuhammadAlfatih #PKS #PKSejahtera #FraksiPKS #PKSDKIJakarta #DapilDKIJakarta6 #DPRDDKIJakarta6 #Jakarta #DKIJakarta #DPRDDKIJakarta #DPRDJakarta #KomisiB #AspirasiJakarta #JakartaMaju #KawalAspirasi #PKSJakarta #JakartaSejahtera
DPRD Provinsi DKI Jakarta,PKS,H. Khoirudin,DKI Jakarta 7,https://www.google.com/search?q=%22Khoirudin%22+site%3Ainstagram.com,https://www.google.com/search?q=%22Khoirudin%22+site%3Ax.com+OR+site%3Atwitter.com,https://www.google.com/search?q=%22Khoirudin%22+site%3Atiktok.com,https://www.google.com/search?q=%22Khoirudin%22+site%3Ayoutube.com,#Khoirudin #PKS #PKSejahtera #FraksiPKS #PKSDKIJakarta #DapilDKIJakarta7 #DPRDDKIJakarta7 #Jakarta #DKIJakarta #DPRDDKIJakarta #DPRDJakarta #KomisiC #AspirasiJakarta #JakartaMaju #KawalAspirasi #PKSJakarta #JakartaSejahtera
DPRD Provinsi DKI Jakarta,PKS,Hj. Zahrina Nurbaeti,DKI Jakarta 7,https://www.google.com/search?q=%22Zahrina+Nurbaeti%22+site%3Ainstagram.com,https://www.google.com/search?q=%22Zahrina+Nurbaeti%22+site%3Ax.com+OR+site%3Atwitter.com,https://www.google.com/search?q=%22Zahrina+Nurbaeti%22+site%3Atiktok.com,https://www.google.com/search?q=%22Zahrina+Nurbaeti%22+site%3Ayoutube.com,#ZahrinaNurbaeti #PKS #PKSejahtera #FraksiPKS #PKSDKIJakarta #DapilDKIJakarta7 #DPRDDKIJakarta7 #Jakarta #DKIJakarta #DPRDDKIJakarta #DPRDJakarta #KomisiA #AspirasiJakarta #JakartaMaju #KawalAspirasi #PKSJakarta #JakartaSejahtera
DPRD Provinsi DKI Jakarta,PKS,Hj. Nabilah Aboe Bakar Alhabsyi,DKI Jakarta 8,https://www.google.com/search?q=%22Nabilah+Aboe+Bakar%22+site%3Ainstagram.com,https://www.google.com/search?q=%22Nabilah+Aboe+Bakar%22+site%3Ax.com+OR+site%3Atwitter.com,https://www.google.com/search?q=%22Nabilah+Aboe+Bakar%22+site%3Atiktok.com,https://www.google.com/search?q=%22Nabilah+Aboe+Bakar%22+site%3Ayoutube.com,#NabilahAboeBakar #PKS #PKSejahtera #FraksiPKS #PKSDKIJakarta #DapilDKIJakarta8 #DPRDDKIJakarta8 #Jakarta #DKIJakarta #DPRDDKIJakarta #DPRDJakarta #KomisiD #AspirasiJakarta #JakartaMaju #KawalAspirasi #PKSJakarta #JakartaSejahtera
DPRD Provinsi DKI Jakarta,PKS,H. Achmad Yani,DKI Jakarta 8,https://www.google.com/search?q=%22Achmad+Yani%22+site%3Ainstagram.com,https://www.google.com/search?q=%22Achmad+Yani%22+site%3Ax.com+OR+site%3Atwitter.com,https://www.google.com/search?q=%22Achmad+Yani%22+site%3Atiktok.com,https://www.google.com/search?q=%22Achmad+Yani%22+site%3Ayoutube.com,#AchmadYani #PKS #PKSejahtera #FraksiPKS #PKSDKIJakarta #DapilDKIJakarta8 #DPRDDKIJakarta8 #Jakarta #DKIJakarta #DPRDDKIJakarta #DPRDJakarta #KomisiA #AspirasiJakarta #JakartaMaju #KawalAspirasi #PKSJakarta #JakartaSejahtera
DPRD Provinsi DKI Jakarta,PKS,H. Ade Suherman,DKI Jakarta 8,https://www.google.com/search?q=%22Ade+Suherman%22+site%3Ainstagram.com,https://www.google.com/search?q=%22Ade+Suherman%22+site%3Ax.com+OR+site%3Atwitter.com,https://www.google.com/search?q=%22Ade+Suherman%22+site%3Atiktok.com,https://www.google.com/search?q=%22Ade+Suherman%22+site%3Ayoutube.com,#AdeSuherman #PKS #PKSejahtera #FraksiPKS #PKSDKIJakarta #DapilDKIJakarta8 #DPRDDKIJakarta8 #Jakarta #DKIJakarta #DPRDDKIJakarta #DPRDJakarta #KomisiB #AspirasiJakarta #JakartaMaju #KawalAspirasi #PKSJakarta #JakartaSejahtera
DPRD Provinsi DKI Jakarta,PKS,Hj. Sholikhah,DKI Jakarta 9,https://www.google.com/search?q=%22Sholikhah%22+site%3Ainstagram.com,https://www.google.com/search?q=%22Sholikhah%22+site%3Ax.com+OR+site%3Atwitter.com,https://www.google.com/search?q=%22Sholikhah%22+site%3Atiktok.com,https://www.google.com/search?q=%22Sholikhah%22+site%3Ayoutube.com,#Sholikhah #PKS #PKSejahtera #FraksiPKS #PKSDKIJakarta #DapilDKIJakarta9 #DPRDDKIJakarta9 #Jakarta #DKIJakarta #DPRDDKIJakarta #DPRDJakarta #KomisiE #AspirasiJakarta #JakartaMaju #KawalAspirasi #PKSJakarta #JakartaSejahtera
DPRD Provinsi DKI Jakarta,PKS,H. Abdul Aziz,DKI Jakarta 10,https://www.google.com/search?q=%22Abdul+Aziz%22+site%3Ainstagram.com,https://www.google.com/search?q=%22Abdul+Aziz%22+site%3Ax.com+OR+site%3Atwitter.com,https://www.google.com/search?q=%22Abdul+Aziz%22+site%3Atiktok.com,https://www.google.com/search?q=%22Abdul+Aziz%22+site%3Ayoutube.com,#AbdulAziz #PKS #PKSejahtera #FraksiPKS #PKSDKIJakarta #DapilDKIJakarta10 #DPRDDKIJakarta10 #Jakarta #DKIJakarta #DPRDDKIJakarta #DPRDJakarta #KomisiE #AspirasiJakarta #JakartaMaju #KawalAspirasi #PKSJakarta #JakartaSejahtera
DPRD Provinsi DKI Jakarta,PKS,Hj. Inad Luciawaty,DKI Jakarta 10,https://www.google.com/search?q=%22Inad+Luciawaty%22+site%3Ainstagram.com,https://www.google.com/search?q=%22Inad+Luciawaty%22+site%3Ax.com+OR+site%3Atwitter.com,https://www.google.com/search?q=%22Inad+Luciawaty%22+site%3Atiktok.com,https://www.google.com/search?q=%22Inad+Luciawaty%22+site%3Ayoutube.com,#InadLuciawaty #PKS #PKSejahtera #FraksiPKS #PKSDKIJakarta #DapilDKIJakarta10 #DPRDDKIJakarta10 #Jakarta #DKIJakarta #DPRDDKIJakarta #DPRDJakarta #KomisiA #AspirasiJakarta #JakartaMaju #KawalAspirasi #PKSJakarta #JakartaSejahtera
DPRD Provinsi DKI Jakarta,PDI-P,Wa Ode Herlina,DKI Jakarta 1,https://www.google.com/search?q=%22Wa+Ode+Herlina%22+site%3Ainstagram.com,https://www.google.com/search?q=%22Wa+Ode+Herlina%22+site%3Ax.com+OR+site%3Atwitter.com,https://www.google.com/search?q=%22Wa+Ode+Herlina%22+site%3Atiktok.com,https://www.google.com/search?q=%22Wa+Ode+Herlina%22+site%3Ayoutube.com,#WaOdeHerlina #PDIP #PDIPerjuangan #FraksiPDIP #PDIPDKIJakarta #DapilDKIJakarta1 #DPRDDKIJakarta1 #Jakarta #DKIJakarta #DPRDDKIJakarta #DPRDJakarta #KomisiB #AspirasiJakarta #JakartaMaju #KawalAspirasi #SolidBergerak #JakartaBergerak
DPRD Provinsi DKI Jakarta,PDI-P,Pandapotan Sinaga,DKI Jakarta 1,https://www.google.com/search?q=%22Pandapotan+Sinaga%22+site%3Ainstagram.com,https://www.google.com/search?q=%22Pandapotan+Sinaga%22+site%3Ax.com+OR+site%3Atwitter.com,https://www.google.com/search?q=%22Pandapotan+Sinaga%22+site%3Atiktok.com,https://www.google.com/search?q=%22Pandapotan+Sinaga%22+site%3Ayoutube.com,#PandapotanSinaga #PDIP #PDIPerjuangan #FraksiPDIP #PDIPDKIJakarta #DapilDKIJakarta1 #DPRDDKIJakarta1 #Jakarta #DKIJakarta #DPRDDKIJakarta #DPRDJakarta #KomisiB #AspirasiJakarta #JakartaMaju #KawalAspirasi #SolidBergerak #JakartaBergerak
DPRD Provinsi DKI Jakarta,PDI-P,Agustina Hermanto (Tina Toon),DKI Jakarta 2,https://www.google.com/search?q=%22Agustina+Hermanto%22+site%3Ainstagram.com,https://www.google.com/search?q=%22Agustina+Hermanto%22+site%3Ax.com+OR+site%3Atwitter.com,https://www.google.com/search?q=%22Agustina+Hermanto%22+site%3Atiktok.com,https://www.google.com/search?q=%22Agustina+Hermanto%22+site%3Ayoutube.com,#AgustinaHermanto #PDIP #PDIPerjuangan #FraksiPDIP #PDIPDKIJakarta #DapilDKIJakarta2 #DPRDDKIJakarta2 #Jakarta #DKIJakarta #DPRDDKIJakarta #DPRDJakarta #KomisiE #AspirasiJakarta #JakartaMaju #KawalAspirasi #SolidBergerak #JakartaBergerak
DPRD Provinsi DKI Jakarta,PDI-P,Jhonny Simanjuntak,DKI Jakarta 2,https://www.google.com/search?q=%22Jhonny+Simanjuntak%22+site%3Ainstagram.com,https://www.google.com/search?q=%22Jhonny+Simanjuntak%22+site%3Ax.com+OR+site%3Atwitter.com,https://www.google.com/search?q=%22Jhonny+Simanjuntak%22+site%3Atiktok.com,https://www.google.com/search?q=%22Jhonny+Simanjuntak%22+site%3Ayoutube.com,#JhonnySimanjuntak #PDIP #PDIPerjuangan #FraksiPDIP #PDIPDKIJakarta #DapilDKIJakarta2 #DPRDDKIJakarta2 #Jakarta #DKIJakarta #DPRDDKIJakarta #DPRDJakarta #KomisiE #AspirasiJakarta #JakartaMaju #KawalAspirasi #SolidBergerak #JakartaBergerak
DPRD Provinsi DKI Jakarta,PDI-P,Hj. Ida Mahmudah,DKI Jakarta 3,https://www.google.com/search?q=%22Ida+Mahmudah%22+site%3Ainstagram.com,https://www.google.com/search?q=%22Ida+Mahmudah%22+site%3Ax.com+OR+site%3Atwitter.com,https://www.google.com/search?q=%22Ida+Mahmudah%22+site%3Atiktok.com,https://www.google.com/search?q=%22Ida+Mahmudah%22+site%3Ayoutube.com,#IdaMahmudah #PDIP #PDIPerjuangan #FraksiPDIP #PDIPDKIJakarta #DapilDKIJakarta3 #DPRDDKIJakarta3 #Jakarta #DKIJakarta #DPRDDKIJakarta #DPRDJakarta #KomisiD #AspirasiJakarta #JakartaMaju #KawalAspirasi #SolidBergerak #JakartaBergerak
DPRD Provinsi DKI Jakarta,PDI-P,''Brando Susanto''(2024-2025),DKI Jakarta 3,https://www.google.com/search?q=%22Brando+Susanto%22+site%3Ainstagram.com,https://www.google.com/search?q=%22Brando+Susanto%22+site%3Ax.com+OR+site%3Atwitter.com,https://www.google.com/search?q=%22Brando+Susanto%22+site%3Atiktok.com,https://www.google.com/search?q=%22Brando+Susanto%22+site%3Ayoutube.com,#BrandoSusanto #PDIP #PDIPerjuangan #FraksiPDIP #PDIPDKIJakarta #DapilDKIJakarta3 #DPRDDKIJakarta3 #Jakarta #DKIJakarta #DPRDDKIJakarta #DPRDJakarta #KomisiC #AspirasiJakarta #JakartaMaju #KawalAspirasi #SolidBergerak #JakartaBergerak
DPRD Provinsi DKI Jakarta,PDI-P,"Gani Suwondo Lie, SH., MH.(2025-sekarang)",DKI Jakarta 3,https://www.google.com/search?q=%22Gani+Suwondo+Lie%22+site%3Ainstagram.com,https://www.google.com/search?q=%22Gani+Suwondo+Lie%22+site%3Ax.com+OR+site%3Atwitter.com,https://www.google.com/search?q=%22Gani+Suwondo+Lie%22+site%3Atiktok.com,https://www.google.com/search?q=%22Gani+Suwondo+Lie%22+site%3Ayoutube.com,#GaniSuwondoLie #PDIP #PDIPerjuangan #FraksiPDIP #PDIPDKIJakarta #DapilDKIJakarta3 #DPRDDKIJakarta3 #Jakarta #DKIJakarta #DPRDDKIJakarta #DPRDJakarta #KomisiC #AspirasiJakarta #JakartaMaju #KawalAspirasi #SolidBergerak #JakartaBergerak
DPRD Provinsi DKI Jakarta,PDI-P,Dwi Rio Sambodo,DKI Jakarta 4,https://www.google.com/search?q=%22Dwi+Rio+Sambodo%22+site%3Ainstagram.com,https://www.google.com/search?q=%22Dwi+Rio+Sambodo%22+site%3Ax.com+OR+site%3Atwitter.com,https://www.google.com/search?q=%22Dwi+Rio+Sambodo%22+site%3Atiktok.com,https://www.google.com/search?q=%22Dwi+Rio+Sambodo%22+site%3Ayoutube.com,#DwiRioSambodo #PDIP #PDIPerjuangan #FraksiPDIP #PDIPDKIJakarta #DapilDKIJakarta4 #DPRDDKIJakarta4 #Jakarta #DKIJakarta #DPRDDKIJakarta #DPRDJakarta #KomisiB #AspirasiJakarta #JakartaMaju #KawalAspirasi #SolidBergerak #JakartaBergerak
DPRD Provinsi DKI Jakarta,PDI-P,Pantas Nainggolan,DKI Jakarta 5,https://www.google.com/search?q=%22Pantas+Nainggolan%22+site%3Ainstagram.com,https://www.google.com/search?q=%22Pantas+Nainggolan%22+site%3Ax.com+OR+site%3Atwitter.com,https://www.google.com/search?q=%22Pantas+Nainggolan%22+site%3Atiktok.com,https://www.google.com/search?q=%22Pantas+Nainggolan%22+site%3Ayoutube.com,#PantasNainggolan #PDIP #PDIPerjuangan #FraksiPDIP #PDIPDKIJakarta #DapilDKIJakarta5 #DPRDDKIJakarta5 #Jakarta #DKIJakarta #DPRDDKIJakarta #DPRDJakarta #KomisiD #AspirasiJakarta #JakartaMaju #KawalAspirasi #SolidBergerak #JakartaBergerak
DPRD Provinsi DKI Jakarta,PDI-P,Manuara Siahaan,DKI Jakarta 6,https://www.google.com/search?q=%22Manuara+Siahaan%22+site%3Ainstagram.com,https://www.google.com/search?q=%22Manuara+Siahaan%22+site%3Ax.com+OR+site%3Atwitter.com,https://www.google.com/search?q=%22Manuara+Siahaan%22+site%3Atiktok.com,https://www.google.com/search?q=%22Manuara+Siahaan%22+site%3Ayoutube.com,#ManuaraSiahaan #PDIP #PDIPerjuangan #FraksiPDIP #PDIPDKIJakarta #DapilDKIJakarta6 #DPRDDKIJakarta6 #Jakarta #DKIJakarta #DPRDDKIJakarta #DPRDJakarta #KomisiA #AspirasiJakarta #JakartaMaju #KawalAspirasi #SolidBergerak #JakartaBergerak
DPRD Provinsi DKI Jakarta,PDI-P,Chicha Koeswoyo,DKI Jakarta 7,https://www.google.com/search?q=%22Chicha+Koeswoyo%22+site%3Ainstagram.com,https://www.google.com/search?q=%22Chicha+Koeswoyo%22+site%3Ax.com+OR+site%3Atwitter.com,https://www.google.com/search?q=%22Chicha+Koeswoyo%22+site%3Atiktok.com,https://www.google.com/search?q=%22Chicha+Koeswoyo%22+site%3Ayoutube.com,#ChichaKoeswoyo #PDIP #PDIPerjuangan #FraksiPDIP #PDIPDKIJakarta #DapilDKIJakarta7 #DPRDDKIJakarta7 #Jakarta #DKIJakarta #DPRDDKIJakarta #DPRDJakarta #KomisiE #AspirasiJakarta #JakartaMaju #KawalAspirasi #SolidBergerak #JakartaBergerak
DPRD Provinsi DKI Jakarta,PDI-P,Hj. Yuke Yurike,DKI Jakarta 8,https://www.google.com/search?q=%22Yuke+Yurike%22+site%3Ainstagram.com,https://www.google.com/search?q=%22Yuke+Yurike%22+site%3Ax.com+OR+site%3Atwitter.com,https://www.google.com/search?q=%22Yuke+Yurike%22+site%3Atiktok.com,https://www.google.com/search?q=%22Yuke+Yurike%22+site%3Ayoutube.com,#YukeYurike #PDIP #PDIPerjuangan #FraksiPDIP #PDIPDKIJakarta #DapilDKIJakarta8 #DPRDDKIJakarta8 #Jakarta #DKIJakarta #DPRDDKIJakarta #DPRDJakarta #KomisiD #AspirasiJakarta #JakartaMaju #KawalAspirasi #SolidBergerak #JakartaBergerak
DPRD Provinsi DKI Jakarta,PDI-P,Lauw Siegvrieda,DKI Jakarta 9,https://www.google.com/search?q=%22Lauw+Siegvrieda%22+site%3Ainstagram.com,https://www.google.com/search?q=%22Lauw+Siegvrieda%22+site%3Ax.com+OR+site%3Atwitter.com,https://www.google.com/search?q=%22Lauw+Siegvrieda%22+site%3Atiktok.com,https://www.google.com/search?q=%22Lauw+Siegvrieda%22+site%3Ayoutube.com,#LauwSiegvrieda #PDIP #PDIPerjuangan #FraksiPDIP #PDIPDKIJakarta #DapilDKIJakarta9 #DPRDDKIJakarta9 #Jakarta #DKIJakarta #DPRDDKIJakarta #DPRDJakarta #KomisiA #AspirasiJakarta #JakartaMaju #KawalAspirasi #SolidBergerak #JakartaBergerak
DPRD Provinsi DKI Jakarta,PDI-P,Hilda Kusuma Dewi,DKI Jakarta 9,https://www.google.com/search?q=%22Hilda+Kusuma+Dewi%22+site%3Ainstagram.com,https://www.google.com/search?q=%22Hilda+Kusuma+Dewi%22+site%3Ax.com+OR+site%3Atwitter.com,https://www.google.com/search?q=%22Hilda+Kusuma+Dewi%22+site%3Atiktok.com,https://www.google.com/search?q=%22Hilda+Kusuma+Dewi%22+site%3Ayoutube.com,#HildaKusumaDewi #PDIP #PDIPerjuangan #FraksiPDIP #PDIPDKIJakarta #DapilDKIJakarta9 #DPRDDKIJakarta9 #Jakarta #DKIJakarta #DPRDDKIJakarta #DPRDJakarta #KomisiA #AspirasiJakarta #JakartaMaju #KawalAspirasi #SolidBergerak #JakartaBergerak
DPRD Provinsi DKI Jakarta,PDI-P,Ima Mahdiah,DKI Jakarta 10,https://www.google.com/search?q=%22Ima+Mahdiah%22+site%3Ainstagram.com,https://www.google.com/search?q=%22Ima+Mahdiah%22+site%3Ax.com+OR+site%3Atwitter.com,https://www.google.com/search?q=%22Ima+Mahdiah%22+site%3Atiktok.com,https://www.google.com/search?q=%22Ima+Mahdiah%22+site%3Ayoutube.com,#ImaMahdiah #PDIP #PDIPerjuangan #FraksiPDIP #PDIPDKIJakarta #DapilDKIJakarta10 #DPRDDKIJakarta10 #Jakarta #DKIJakarta #DPRDDKIJakarta #DPRDJakarta #KomisiA #AspirasiJakarta #JakartaMaju #KawalAspirasi #SolidBergerak #JakartaBergerak
DPRD Provinsi DKI Jakarta,PDI-P,Hardiyanto Kenneth,DKI Jakarta 10,https://www.google.com/search?q=%22Hardiyanto+Kenneth%22+site%3Ainstagram.com,https://www.google.com/search?q=%22Hardiyanto+Kenneth%22+site%3Ax.com+OR+site%3Atwitter.com,https://www.google.com/search?q=%22Hardiyanto+Kenneth%22+site%3Atiktok.com,https://www.google.com/search?q=%22Hardiyanto+Kenneth%22+site%3Ayoutube.com,#HardiyantoKenneth #PDIP #PDIPerjuangan #FraksiPDIP #PDIPDKIJakarta #DapilDKIJakarta10 #DPRDDKIJakarta10 #Jakarta #DKIJakarta #DPRDDKIJakarta #DPRDJakarta #KomisiC #AspirasiJakarta #JakartaMaju #KawalAspirasi #SolidBergerak #JakartaBergerak
DPRD Provinsi DKI Jakarta,Golkar,Basri Baco,DKI Jakarta 1,https://www.google.com/search?q=%22Basri+Baco%22+site%3Ainstagram.com,https://www.google.com/search?q=%22Basri+Baco%22+site%3Ax.com+OR+site%3Atwitter.com,https://www.google.com/search?q=%22Basri+Baco%22+site%3Atiktok.com,https://www.google.com/search?q=%22Basri+Baco%22+site%3Ayoutube.com,#BasriBaco #Golkar #PartaiGolkar #FraksiGolkar #GolkarDKIJakarta #DapilDKIJakarta1 #DPRDDKIJakarta1 #Jakarta #DKIJakarta #DPRDDKIJakarta #DPRDJakarta #KomisiB #AspirasiJakarta #JakartaMaju #KawalAspirasi #GolkarJakarta #KaryaUntukJakarta
DPRD Provinsi DKI Jakarta,Golkar,Dimaz Raditya Soesatyo,DKI Jakarta 2,https://www.google.com/search?q=%22Dimaz+Raditya+Soesatyo%22+site%3Ainstagram.com,https://www.google.com/search?q=%22Dimaz+Raditya+Soesatyo%22+site%3Ax.com+OR+site%3Atwitter.com,https://www.google.com/search?q=%22Dimaz+Raditya+Soesatyo%22+site%3Atiktok.com,https://www.google.com/search?q=%22Dimaz+Raditya+Soesatyo%22+site%3Ayoutube.com,#DimazRadityaSoesatyo #Golkar #PartaiGolkar #FraksiGolkar #GolkarDKIJakarta #DapilDKIJakarta2 #DPRDDKIJakarta2 #Jakarta #DKIJakarta #DPRDDKIJakarta #DPRDJakarta #KomisiC #AspirasiJakarta #JakartaMaju #KawalAspirasi #GolkarJakarta #KaryaUntukJakarta
DPRD Provinsi DKI Jakarta,Golkar,Ramly H.I. Muhamad,DKI Jakarta 2,https://www.google.com/search?q=%22Ramly+Muhamad%22+site%3Ainstagram.com,https://www.google.com/search?q=%22Ramly+Muhamad%22+site%3Ax.com+OR+site%3Atwitter.com,https://www.google.com/search?q=%22Ramly+Muhamad%22+site%3Atiktok.com,https://www.google.com/search?q=%22Ramly+Muhamad%22+site%3Ayoutube.com,#RamlyMuhamad #Golkar #PartaiGolkar #FraksiGolkar #GolkarDKIJakarta #DapilDKIJakarta2 #DPRDDKIJakarta2 #Jakarta #DKIJakarta #DPRDDKIJakarta #DPRDJakarta #KomisiE #AspirasiJakarta #JakartaMaju #KawalAspirasi #GolkarJakarta #KaryaUntukJakarta
DPRD Provinsi DKI Jakarta,Golkar,Judistira Hermawan,DKI Jakarta 4,https://www.google.com/search?q=%22Judistira+Hermawan%22+site%3Ainstagram.com,https://www.google.com/search?q=%22Judistira+Hermawan%22+site%3Ax.com+OR+site%3Atwitter.com,https://www.google.com/search?q=%22Judistira+Hermawan%22+site%3Atiktok.com,https://www.google.com/search?q=%22Judistira+Hermawan%22+site%3Ayoutube.com,#JudistiraHermawan #Golkar #PartaiGolkar #FraksiGolkar #GolkarDKIJakarta #DapilDKIJakarta4 #DPRDDKIJakarta4 #Jakarta #DKIJakarta #DPRDDKIJakarta #DPRDJakarta #KomisiD #AspirasiJakarta #JakartaMaju #KawalAspirasi #GolkarJakarta #KaryaUntukJakarta
DPRD Provinsi DKI Jakarta,Golkar,Alia Noorayu Laksono,DKI Jakarta 5,https://www.google.com/search?q=%22Alia+Noorayu+Laksono%22+site%3Ainstagram.com,https://www.google.com/search?q=%22Alia+Noorayu+Laksono%22+site%3Ax.com+OR+site%3Atwitter.com,https://www.google.com/search?q=%22Alia+Noorayu+Laksono%22+site%3Atiktok.com,https://www.google.com/search?q=%22Alia+Noorayu+Laksono%22+site%3Ayoutube.com,#AliaNoorayuLaksono #Golkar #PartaiGolkar #FraksiGolkar #GolkarDKIJakarta #DapilDKIJakarta5 #DPRDDKIJakarta5 #Jakarta #DKIJakarta #DPRDDKIJakarta #DPRDJakarta #KomisiA #AspirasiJakarta #JakartaMaju #KawalAspirasi #GolkarJakarta #KaryaUntukJakarta
DPRD Provinsi DKI Jakarta,Golkar,Sardy Wahab Sadri,DKI Jakarta 6,https://www.google.com/search?q=%22Sardy+Wahab+Sadri%22+site%3Ainstagram.com,https://www.google.com/search?q=%22Sardy+Wahab+Sadri%22+site%3Ax.com+OR+site%3Atwitter.com,https://www.google.com/search?q=%22Sardy+Wahab+Sadri%22+site%3Atiktok.com,https://www.google.com/search?q=%22Sardy+Wahab+Sadri%22+site%3Ayoutube.com,#SardyWahabSadri #Golkar #PartaiGolkar #FraksiGolkar #GolkarDKIJakarta #DapilDKIJakarta6 #DPRDDKIJakarta6 #Jakarta #DKIJakarta #DPRDDKIJakarta #DPRDJakarta #KomisiD #AspirasiJakarta #JakartaMaju #KawalAspirasi #GolkarJakarta #KaryaUntukJakarta
DPRD Provinsi DKI Jakarta,Golkar,Dadiyono,DKI Jakarta 7,https://www.google.com/search?q=%22Dadiyono%22+site%3Ainstagram.com,https://www.google.com/search?q=%22Dadiyono%22+site%3Ax.com+OR+site%3Atwitter.com,https://www.google.com/search?q=%22Dadiyono%22+site%3Atiktok.com,https://www.google.com/search?q=%22Dadiyono%22+site%3Ayoutube.com,#Dadiyono #Golkar #PartaiGolkar #FraksiGolkar #GolkarDKIJakarta #DapilDKIJakarta7 #DPRDDKIJakarta7 #Jakarta #DKIJakarta #DPRDDKIJakarta #DPRDJakarta #KomisiA #AspirasiJakarta #JakartaMaju #KawalAspirasi #GolkarJakarta #KaryaUntukJakarta
DPRD Provinsi DKI Jakarta,Golkar,Farah Savira,DKI Jakarta 8,https://www.google.com/search?q=%22Farah+Savira%22+site%3Ainstagram.com,https://www.google.com/search?q=%22Farah+Savira%22+site%3Ax.com+OR+site%3Atwitter.com,https://www.google.com/search?q=%22Farah+Savira%22+site%3Atiktok.com,https://www.google.com/search?q=%22Farah+Savira%22+site%3Ayoutube.com,#FarahSavira #Golkar #PartaiGolkar #FraksiGolkar #GolkarDKIJakarta #DapilDKIJakarta8 #DPRDDKIJakarta8 #Jakarta #DKIJakarta #DPRDDKIJakarta #DPRDJakarta #KomisiE #AspirasiJakarta #JakartaMaju #KawalAspirasi #GolkarJakarta #KaryaUntukJakarta
DPRD Provinsi DKI Jakarta,Golkar,Andri Santosa,DKI Jakarta 9,https://www.google.com/search?q=%22Andri+Santosa%22+site%3Ainstagram.com,https://www.google.com/search?q=%22Andri+Santosa%22+site%3Ax.com+OR+site%3Atwitter.com,https://www.google.com/search?q=%22Andri+Santosa%22+site%3Atiktok.com,https://www.google.com/search?q=%22Andri+Santosa%22+site%3Ayoutube.com,#AndriSantosa #Golkar #PartaiGolkar #FraksiGolkar #GolkarDKIJakarta #DapilDKIJakarta9 #DPRDDKIJakarta9 #Jakarta #DKIJakarta #DPRDDKIJakarta #DPRDJakarta #KomisiB #AspirasiJakarta #JakartaMaju #KawalAspirasi #GolkarJakarta #KaryaUntukJakarta
DPRD Provinsi DKI Jakarta,Golkar,Syafi Fabio Djohan,DKI Jakarta 10,https://www.google.com/search?q=%22Syafi+Fabio+Djohan%22+site%3Ainstagram.com,https://www.google.com/search?q=%22Syafi+Fabio+Djohan%22+site%3Ax.com+OR+site%3Atwitter.com,https://www.google.com/search?q=%22Syafi+Fabio+Djohan%22+site%3Atiktok.com,https://www.google.com/search?q=%22Syafi+Fabio+Djohan%22+site%3Ayoutube.com,#SyafiFabioDjohan #Golkar #PartaiGolkar #FraksiGolkar #GolkarDKIJakarta #DapilDKIJakarta10 #DPRDDKIJakarta10 #Jakarta #DKIJakarta #DPRDDKIJakarta #DPRDJakarta #KomisiC #AspirasiJakarta #JakartaMaju #KawalAspirasi #GolkarJakarta #KaryaUntukJakarta
