Tingkat,Partai,Nama,Dapil,Suara,Komisi_Jabatan,Lokasi_Berkas
DPR RI (Nasional),PDI-P,Putra Nababan,DKI Jakarta I,105.559,Komisi VII,dpr_ri_dki_jakarta/pdi_perjuangan/Putra_Nababan.md
DPR RI (Nasional),PKS,"Mardani Ali Sera, Dr. H., M.Eng.",DKI Jakarta I,176.584,Komisi II,"dpr_ri_dki_jakarta/pks/Mardani_Ali_Sera,_Dr._H.,_M.Eng..md"
DPR RI (Nasional),PKS,"Anis Byarwati, Dr. Hj.",DKI Jakarta I,64.304,Komisi XI,"dpr_ri_dki_jakarta/pks/Anis_Byarwati,_Dr._Hj..md"
DPR RI (Nasional),PDI-P,"Once Mekel, S.H.",DKI Jakarta II,60.623,Komisi X,"dpr_ri_dki_jakarta/pdi_perjuangan/Once_Mekel,_S.H..md"
DPR RI (Nasional),Golkar,"Abraham Sridjaja, S.H., M.H., C.L.A.",DKI Jakarta II,76.945,Komisi I,"dpr_ri_dki_jakarta/golkar/Abraham_Sridjaja,_S.H.,_M.H.,_C.L.A..md"
DPR RI (Nasional),PKS,"M. Hidayat Nur Wahid, Dr. H., M.A.",DKI Jakarta II,227.974,Komisi VIII,"dpr_ri_dki_jakarta/pks/M._Hidayat_Nur_Wahid,_Dr._H.,_M.A..md"
DPR RI (Nasional),PKS,"Kurniasih Mufidayati, Dr. Hj., M.Si.",DKI Jakarta II,62.755,Komisi IX,"dpr_ri_dki_jakarta/pks/Kurniasih_Mufidayati,_Dr._Hj.,_M.Si..md"
DPR RI (Nasional),PDI-P,Charles Honoris,DKI Jakarta III,97.016,Komisi IX,dpr_ri_dki_jakarta/pdi_perjuangan/Charles_Honoris.md
DPR RI (Nasional),PDI-P,"Darmadi Durianto, Prof. Asc. Dr.",DKI Jakarta III,95.553,Komisi VI,"dpr_ri_dki_jakarta/pdi_perjuangan/Darmadi_Durianto,_Prof._Asc._Dr..md"
DPR RI (Nasional),Golkar,Erwin Aksa,DKI Jakarta III,186.897,Komisi XI,dpr_ri_dki_jakarta/golkar/Erwin_Aksa.md
DPR RI (Nasional),PKS,"Adang Daradjatun, Drs. H.",DKI Jakarta III,95.773,Komisi III,"dpr_ri_dki_jakarta/pks/Adang_Daradjatun,_Drs._H..md"
DPRD Provinsi DKI Jakarta,PKS,Muhammad Hasan Abdillah,DKI Jakarta 1,19.363,Komisi A  Anggota (PKS  Anggota),dprd_provinsi_dki_jakarta/pks/Muhammad_Hasan_Abdillah.md
DPRD Provinsi DKI Jakarta,PKS,H. Ismail,DKI Jakarta 1,14.480,Komisi B  Anggota (PKS  Ketua),dprd_provinsi_dki_jakarta/pks/H._Ismail.md
DPRD Provinsi DKI Jakarta,PKS,Suhud Alynudin,DKI Jakarta 2,12.336,Komisi C  Sekretaris (PKS  Anggota),dprd_provinsi_dki_jakarta/pks/Suhud_Alynudin.md
DPRD Provinsi DKI Jakarta,PKS,H. M. Subki,DKI Jakarta 3,12.378,Komisi E  Anggota (PKS  Wakil Ketua II),dprd_provinsi_dki_jakarta/pks/H._M._Subki.md
DPRD Provinsi DKI Jakarta,PKS,H. M. Taufik Zoelkifli,DKI Jakarta 4,28.531,Komisi B  Anggota (PKS  Sekretaris),dprd_provinsi_dki_jakarta/pks/H._M._Taufik_Zoelkifli.md
DPRD Provinsi DKI Jakarta,PKS,H. Ghozi Zulazmi,DKI Jakarta 4,13.329,Komisi D  Anggota (PKS  Anggota),dprd_provinsi_dki_jakarta/pks/H._Ghozi_Zulazmi.md
DPRD Provinsi DKI Jakarta,PKS,H. Abdurrahman Suhaimi,DKI Jakarta 5,19.721,Komisi D  Anggota (PKS  Penasehat),dprd_provinsi_dki_jakarta/pks/H._Abdurrahman_Suhaimi.md
DPRD Provinsi DKI Jakarta,PKS,H. Nasdiyanto,DKI Jakarta 5,19.596,Komisi C  Anggota (PKS  Bendahara),dprd_provinsi_dki_jakarta/pks/H._Nasdiyanto.md
DPRD Provinsi DKI Jakarta,PKS,K.H. Muhammad Thamrin,DKI Jakarta 6,36.274,Komisi E  Ketua (PKS  Wakil Ketua I),dprd_provinsi_dki_jakarta/pks/K.H._Muhammad_Thamrin.md
DPRD Provinsi DKI Jakarta,PKS,Muhammad Alfatih,DKI Jakarta 6,12.844,Komisi B  Anggota (PKS  Anggota),dprd_provinsi_dki_jakarta/pks/Muhammad_Alfatih.md
DPRD Provinsi DKI Jakarta,PKS,H. Khoirudin,DKI Jakarta 7,23.377,Komisi C  Koordinator Komisi (PKS  Penasehat),dprd_provinsi_dki_jakarta/pks/H._Khoirudin.md
DPRD Provinsi DKI Jakarta,PKS,Hj. Zahrina Nurbaeti,DKI Jakarta 7,14.197,Komisi A  Anggota (PKS  Wakil Bendahara I),dprd_provinsi_dki_jakarta/pks/Hj._Zahrina_Nurbaeti.md
DPRD Provinsi DKI Jakarta,PKS,Hj. Nabilah Aboe Bakar Alhabsyi,DKI Jakarta 8,26.344,Komisi D  Anggota (PKS  Wakil Bendahara II),dprd_provinsi_dki_jakarta/pks/Hj._Nabilah_Aboe_Bakar_Alhabsyi.md
DPRD Provinsi DKI Jakarta,PKS,H. Achmad Yani,DKI Jakarta 8,18.885,Komisi A  Anggota (PKS  Penasehat),dprd_provinsi_dki_jakarta/pks/H._Achmad_Yani.md
DPRD Provinsi DKI Jakarta,PKS,H. Ade Suherman,DKI Jakarta 8,16.490,Komisi B  Anggota (PKS  Anggota),dprd_provinsi_dki_jakarta/pks/H._Ade_Suherman.md
DPRD Provinsi DKI Jakarta,PKS,Hj. Sholikhah,DKI Jakarta 9,18.958,Komisi E  Anggota (PKS  Anggota),dprd_provinsi_dki_jakarta/pks/Hj._Sholikhah.md
DPRD Provinsi DKI Jakarta,PKS,H. Abdul Aziz,DKI Jakarta 10,22.006,Komisi E  Anggota (PKS  Penasehat),dprd_provinsi_dki_jakarta/pks/H._Abdul_Aziz.md
DPRD Provinsi DKI Jakarta,PKS,Hj. Inad Luciawaty,DKI Jakarta 10,12.331,Komisi A  Anggota (PKS  Anggota),dprd_provinsi_dki_jakarta/pks/Hj._Inad_Luciawaty.md
DPRD Provinsi DKI Jakarta,PDI-P,Wa Ode Herlina,DKI Jakarta 1,14.013,Komisi B  Anggota (PDI Perjuangan  Anggota),dprd_provinsi_dki_jakarta/pdi_perjuangan/Wa_Ode_Herlina.md
DPRD Provinsi DKI Jakarta,PDI-P,Pandapotan Sinaga,DKI Jakarta 1,9.212,Komisi B  Anggota (PDI Perjuangan  Wakil Ketua),dprd_provinsi_dki_jakarta/pdi_perjuangan/Pandapotan_Sinaga.md
DPRD Provinsi DKI Jakarta,PDI-P,Agustina Hermanto (Tina Toon),DKI Jakarta 2,36.156,Komisi E  Wakil Ketua (PDI Perjuangan  Anggota),dprd_provinsi_dki_jakarta/pdi_perjuangan/Agustina_Hermanto_(Tina_Toon).md
DPRD Provinsi DKI Jakarta,PDI-P,Jhonny Simanjuntak,DKI Jakarta 2,10.845,Komisi E  Anggota (PDI Perjuangan  Penasehat),dprd_provinsi_dki_jakarta/pdi_perjuangan/Jhonny_Simanjuntak.md
DPRD Provinsi DKI Jakarta,PDI-P,Hj. Ida Mahmudah,DKI Jakarta 3,11.780,Komisi D  Anggota (PDI Perjuangan  Anggota),dprd_provinsi_dki_jakarta/pdi_perjuangan/Hj._Ida_Mahmudah.md
DPRD Provinsi DKI Jakarta,PDI-P,''Brando Susanto''(2024-2025),DKI Jakarta 3,11.506,Komisi C  Anggota (PDI Perjuangan  Wakil Sekretaris),dprd_provinsi_dki_jakarta/pdi_perjuangan/''Brando_Susanto''(2024-2025).md
DPRD Provinsi DKI Jakarta,PDI-P,"Gani Suwondo Lie, SH., MH.(2025-sekarang)",DKI Jakarta 3,11.448,Komisi C  Anggota (PDI Perjuangan  Anggota),"dprd_provinsi_dki_jakarta/pdi_perjuangan/Gani_Suwondo_Lie,_SH.,_MH.(2025-sekarang).md"
DPRD Provinsi DKI Jakarta,PDI-P,Dwi Rio Sambodo,DKI Jakarta 4,14.645,Komisi B  Anggota (PDI Perjuangan  Sekretaris),dprd_provinsi_dki_jakarta/pdi_perjuangan/Dwi_Rio_Sambodo.md
DPRD Provinsi DKI Jakarta,PDI-P,Pantas Nainggolan,DKI Jakarta 5,13.214,Komisi D  Anggota (PDI Perjuangan  Ketua),dprd_provinsi_dki_jakarta/pdi_perjuangan/Pantas_Nainggolan.md
DPRD Provinsi DKI Jakarta,PDI-P,Manuara Siahaan,DKI Jakarta 6,9.037,Komisi A  Anggota (PDI Perjuangan  Anggota),dprd_provinsi_dki_jakarta/pdi_perjuangan/Manuara_Siahaan.md
DPRD Provinsi DKI Jakarta,PDI-P,Chicha Koeswoyo,DKI Jakarta 7,15.578,Komisi E  Anggota (PDI Perjuangan  Bendahara),dprd_provinsi_dki_jakarta/pdi_perjuangan/Chicha_Koeswoyo.md
DPRD Provinsi DKI Jakarta,PDI-P,Hj. Yuke Yurike,DKI Jakarta 8,12.302,Komisi D  Ketua (PDI Perjuangan  Anggota),dprd_provinsi_dki_jakarta/pdi_perjuangan/Hj._Yuke_Yurike.md
DPRD Provinsi DKI Jakarta,PDI-P,Lauw Siegvrieda,DKI Jakarta 9,21.019,Komisi A  Anggota (PDI Perjuangan  Anggota),dprd_provinsi_dki_jakarta/pdi_perjuangan/Lauw_Siegvrieda.md
DPRD Provinsi DKI Jakarta,PDI-P,Hilda Kusuma Dewi,DKI Jakarta 9,11.420,Komisi A  Anggota (PDI Perjuangan  Anggota),dprd_provinsi_dki_jakarta/pdi_perjuangan/Hilda_Kusuma_Dewi.md
DPRD Provinsi DKI Jakarta,PDI-P,Ima Mahdiah,DKI Jakarta 10,28.479,Komisi A  Koordinator Komisi (PDI Perjuangan  Anggota),dprd_provinsi_dki_jakarta/pdi_perjuangan/Ima_Mahdiah.md
DPRD Provinsi DKI Jakarta,PDI-P,Hardiyanto Kenneth,DKI Jakarta 10,26.168,Komisi C  Anggota (PDI Perjuangan  Anggota),dprd_provinsi_dki_jakarta/pdi_perjuangan/Hardiyanto_Kenneth.md
DPRD Provinsi DKI Jakarta,Golkar,Basri Baco,DKI Jakarta 1,21.823,Komisi B  Koordinator Komisi (Golkar  Penasehat),dprd_provinsi_dki_jakarta/golkar/Basri_Baco.md
DPRD Provinsi DKI Jakarta,Golkar,Dimaz Raditya Soesatyo,DKI Jakarta 2,27.693,Komisi C  Ketua (Golkar  Anggota),dprd_provinsi_dki_jakarta/golkar/Dimaz_Raditya_Soesatyo.md
DPRD Provinsi DKI Jakarta,Golkar,Ramly H.I. Muhamad,DKI Jakarta 2,23.320,Komisi E  Anggota (Golkar  Wakil Ketua I),dprd_provinsi_dki_jakarta/golkar/Ramly_H.I._Muhamad.md
DPRD Provinsi DKI Jakarta,Golkar,Judistira Hermawan,DKI Jakarta 4,13.919,Komisi D  Anggota (Golkar  Ketua),dprd_provinsi_dki_jakarta/golkar/Judistira_Hermawan.md
DPRD Provinsi DKI Jakarta,Golkar,Alia Noorayu Laksono,DKI Jakarta 5,12.381,Komisi A  Wakil Ketua (Golkar  Anggota),dprd_provinsi_dki_jakarta/golkar/Alia_Noorayu_Laksono.md
DPRD Provinsi DKI Jakarta,Golkar,Sardy Wahab Sadri,DKI Jakarta 6,12.803,Komisi D  Anggota (Golkar  Wakil Ketua II),dprd_provinsi_dki_jakarta/golkar/Sardy_Wahab_Sadri.md
DPRD Provinsi DKI Jakarta,Golkar,Dadiyono,DKI Jakarta 7,21.619,Komisi A  Anggota (Golkar  Bendahara),dprd_provinsi_dki_jakarta/golkar/Dadiyono.md
DPRD Provinsi DKI Jakarta,Golkar,Farah Savira,DKI Jakarta 8,8.998,Komisi E  Anggota (Golkar  Anggota),dprd_provinsi_dki_jakarta/golkar/Farah_Savira.md
DPRD Provinsi DKI Jakarta,Golkar,Andri Santosa,DKI Jakarta 9,11.615,Komisi B  Anggota (Golkar  Sekretaris),dprd_provinsi_dki_jakarta/golkar/Andri_Santosa.md
DPRD Provinsi DKI Jakarta,Golkar,Syafi Fabio Djohan,DKI Jakarta 10,12.060,Komisi C  Anggota (Golkar  Anggota),dprd_provinsi_dki_jakarta/golkar/Syafi_Fabio_Djohan.md
